{"cameraMode":{"drawMode":0,"name":"Shaded","section":"Shading Mode"},"sceneLighting":true,"audioPlay":false,"sceneViewState":{"showFog":true,"showMaterialUpdate":false,"showSkybox":true,"showFlares":true,"showImageEffects":true,"showParticleSystems":true},"in2DMode":false,"pivot":{"x":0.5189208984375,"y":1.09228515625,"z":2.220703125},"rotation":{"x":0.08257376402616501,"y":0.22667399048805238,"z":-0.019292041659355165,"w":0.9702830910682678},"size":182.0200653076172,"orthographic":true}